moduloId,titulo,numero
1,Módulo 1 del curso 16,1
2,Módulo 2 del curso 1,2
3,Módulo 3 del curso 4,3
4,Módulo 4 del curso 12,4
5,Módulo 5 del curso 10,5
6,Módulo 6 del curso 8,6
7,Módulo 1 del curso 2,1
8,Módulo 2 del curso 8,2
9,Módulo 3 del curso 19,3
10,Módulo 4 del curso 3,4
11,Módulo 5 del curso 3,5
12,Módulo 6 del curso 16,6
13,Módulo 1 del curso 3,1
14,Módulo 2 del curso 18,2
15,Módulo 3 del curso 5,3
16,Módulo 4 del curso 5,4
17,Módulo 5 del curso 16,5
18,Módulo 6 del curso 18,6
19,Módulo 1 del curso 6,1
20,Módulo 2 del curso 9,2
21,Módulo 3 del curso 17,3
22,Módulo 4 del curso 20,4
23,Módulo 5 del curso 14,5
24,Módulo 6 del curso 7,6
25,Módulo 1 del curso 18,1
26,Módulo 2 del curso 7,2
27,Módulo 3 del curso 10,3
28,Módulo 4 del curso 13,4
29,Módulo 5 del curso 12,5
30,Módulo 6 del curso 15,6
